budget,population,poolsize,approx_welfare,approx_error,approx_time,greedy_welfare,greedy_error,greedy_time,diff,ratio
2,1,10,514.7825549526243,1.2116662690604016,376 milliseconds,514.7825549526244,0.0,35 milliseconds,-1.1368683772161603e-13,0.9999999999999998
4,1,10,804.2347001740959,2.4233325381208033,1930 milliseconds,803.1100111756863,0.0,69 milliseconds,1.1246889984096242,1.0014004171069455
6,1,10,1022.6064998981183,3.634998807181205,3670 milliseconds,1009.8314075432793,0.0,118 milliseconds,12.77509235483899,1.0126507179905586
8,1,10,1205.101115088808,4.846665076241607,35232 milliseconds,1165.5592311271369,0.0,171 milliseconds,39.54188396167115,1.0339252462729267
10,1,10,1357.5317285839842,6.058331345302008,52754 milliseconds,1297.9873669062806,0.0,274 milliseconds,59.54436167770359,1.0458743768975396
12,1,10,1493.5446239607875,7.26999761436241,124155 milliseconds,1420.3635070250255,0.0,448 milliseconds,73.18111693576202,1.0515228084738963
2,2,10,558.6607373905101,1.2873013534282336,698 milliseconds,558.6607373905101,0.0,29 milliseconds,0.0,1.0
4,2,10,867.9065357693113,2.574602706856467,1444 milliseconds,867.8190310618203,0.0,59 milliseconds,0.08750470749100714,1.0001008328975962
6,2,10,1104.09413172248,3.861904060284701,19093 milliseconds,1092.1824739703854,0.0,94 milliseconds,11.91165775209447,1.0109062890459983
8,2,10,1293.8622332116804,5.149205413712934,16266 milliseconds,1258.5270098333726,0.0,187 milliseconds,35.335223378307774,1.0280766508006738
10,2,10,1455.6347513642427,6.436506767141168,48984 milliseconds,1392.8483204262652,0.0,319 milliseconds,62.78643093797746,1.0450777231211812
12,2,10,1596.8718890685514,7.723808120569402,972702 milliseconds,1512.022570783052,0.0,485 milliseconds,84.8493182854993,1.0561164363052842
2,3,10,598.9776617744305,1.3107477548646784,525 milliseconds,598.9776617744304,0.0,34 milliseconds,1.1368683772161603e-13,1.0000000000000002
4,3,10,999.2554561387893,2.621495509729357,1912 milliseconds,998.9045420367347,0.0,68 milliseconds,0.3509141020546167,1.0003512989352707
6,3,10,1252.541211993568,3.9322432645940353,14064 milliseconds,1242.2282407290259,0.0,182 milliseconds,10.312971264542057,1.0083019938900195
8,3,10,1447.5039116890216,5.242991019458714,31673 milliseconds,1418.1999208710577,0.0,357 milliseconds,29.30399081796395,1.0206628066936891
10,3,10,1617.253570513862,6.553738774323392,61311 milliseconds,1569.3644082565652,0.0,420 milliseconds,47.8891622572969,1.0305150046766371
12,3,10,1769.636997447611,7.864486529188071,334037 milliseconds,1702.4972520573247,0.0,618 milliseconds,67.13974539028641,1.0394360374497837
2,4,10,618.8209027181133,1.1647951590714456,387 milliseconds,618.8209027181133,0.0,29 milliseconds,0.0,1.0
4,4,10,957.3022191920759,2.329590318142891,1736 milliseconds,957.302219192076,0.0,64 milliseconds,-1.1368683772161603e-13,0.9999999999999999
6,4,10,1159.364311068309,3.494385477214337,4624 milliseconds,1154.560940338758,0.0,161 milliseconds,4.803370729551034,1.0041603440422484
8,4,10,1330.8682508850848,4.659180636285782,9985 milliseconds,1315.55533030176,0.0,307 milliseconds,15.31292058332474,1.01163989094994
10,4,10,1479.3776331254662,5.823975795357228,83239 milliseconds,1445.4888300711746,0.0,433 milliseconds,33.88880305429166,1.0234445277952255
12,4,10,1611.0677606906058,6.988770954428674,168440 milliseconds,1556.243212121215,0.0,685 milliseconds,54.8245485693908,1.0352287792437425
2,5,10,605.2305833123484,1.240280594878186,345 milliseconds,605.1953426079288,0.0,35 milliseconds,0.03524070441960703,1.000058230296796
4,5,10,974.6317054806716,2.480561189756372,2187 milliseconds,974.5964647762519,0.0,64 milliseconds,0.035240704419720714,1.0000361592779097
6,5,10,1208.6281189973695,3.7208417846345583,10558 milliseconds,1203.321993263248,0.0,117 milliseconds,5.306125734121451,1.0044095643259474
8,5,10,1395.6753931470005,4.961122379512744,45047 milliseconds,1372.7159189570052,0.0,228 milliseconds,22.959474189995262,1.016725583110772
10,5,10,1556.4989372931293,6.2014029743909305,168191 milliseconds,1514.6385395387392,0.0,335 milliseconds,41.86039775439008,1.0276372194828332
12,5,10,1698.8594497572903,7.441683569269117,451733 milliseconds,1640.8754070260838,0.0,447 milliseconds,57.9840427312065,1.0353372611247167
2,6,10,593.1358401198688,1.2887538483941512,370 milliseconds,593.1734635560731,0.0,38 milliseconds,-0.0376234362042851,0.9999365726241718
4,6,10,944.3610991702801,2.5775076967883024,1856 milliseconds,944.2952012196295,0.0,129 milliseconds,0.06589795065065118,1.0000697853283227
6,6,10,1180.037763177125,3.8662615451824536,4179 milliseconds,1174.8209105825565,0.0,161 milliseconds,5.216852594568536,1.0044405513619787
8,6,10,1372.854253490666,5.155015393576605,64599 milliseconds,1355.3576775851666,0.0,263 milliseconds,17.496575905499412,1.012909194521016
10,6,10,1543.9815457788104,6.443769241970756,73873 milliseconds,1513.1381397328648,0.0,405 milliseconds,30.843406045945585,1.0203837344628632
12,6,10,1700.2582349641352,7.732523090364907,313604 milliseconds,1649.944471728052,0.0,572 milliseconds,50.31376323608333,1.030494216077095
2,7,10,571.2572757066268,1.3157106441859128,355 milliseconds,571.257275706627,0.0,29 milliseconds,-1.1368683772161603e-13,0.9999999999999998
4,7,10,922.2070967034172,2.6314212883718255,2075 milliseconds,921.7334215378405,0.0,124 milliseconds,0.4736751655766511,1.0005138960511883
6,7,10,1148.983682023143,3.9471319325577383,17348 milliseconds,1144.567032860346,0.0,232 milliseconds,4.416649162797057,1.0038587946673245
8,7,10,1345.868328852347,5.262842576743651,36939 milliseconds,1333.5467734522265,0.0,318 milliseconds,12.321555400120587,1.009239687460098
10,7,10,1518.8148430496308,6.578553220929564,87262 milliseconds,1490.8800293180138,0.0,562 milliseconds,27.93481373161694,1.0187371305418822
12,7,10,1675.1435659232347,7.894263865115477,1390758 milliseconds,1624.8066852291563,0.0,1060 milliseconds,50.336880694078445,1.0309802274644009
2,8,10,600.2250701041384,1.1887668910884486,374 milliseconds,600.2250701041384,0.0,48 milliseconds,0.0,1.0
4,8,10,961.4740653634615,2.377533782176897,1551 milliseconds,961.4008644700606,0.0,72 milliseconds,0.07320089340089453,1.0000761398248184
6,8,10,1183.9687080118717,3.5663006732653457,3906 milliseconds,1179.5402916945823,0.0,169 milliseconds,4.428416317289475,1.0037543578192887
8,8,10,1368.6595194618212,4.755067564353794,37332 milliseconds,1352.6703615403567,0.0,216 milliseconds,15.989157921464539,1.0118204393147616
10,8,10,1531.2819670353078,5.943834455442243,59058 milliseconds,1498.1107570838842,0.0,250 milliseconds,33.171209951423634,1.0221420277469955
12,8,10,1676.2519228020597,7.132601346530691,609086 milliseconds,1625.103604780583,0.0,416 milliseconds,51.1483180214766,1.0314738813396347
2,9,10,550.0227961679748,1.261560916287408,343 milliseconds,550.0227961679748,0.0,29 milliseconds,0.0,1.0
4,9,10,878.463899294746,2.523121832574816,1806 milliseconds,878.1596092579521,0.0,69 milliseconds,0.3042900367939865,1.0003465088049894
6,9,10,1109.4743770929394,3.784682748862224,9704 milliseconds,1097.1556169681824,0.0,196 milliseconds,12.318760124757091,1.011227905990946
8,9,10,1289.9742973724858,5.046243665149632,50505 milliseconds,1259.430691614041,0.0,246 milliseconds,30.543605758444755,1.0242519147435587
10,9,10,1447.949883791826,6.30780458143704,157432 milliseconds,1393.8589638337576,0.0,360 milliseconds,54.090919958068525,1.0388065947571148
12,9,10,1587.334426888794,7.569365497724448,657458 milliseconds,1519.84718247295,0.0,539 milliseconds,67.48724441584409,1.044403967184408
2,10,10,556.6691841699015,1.2119564195270414,347 milliseconds,556.6691841699017,0.0,34 milliseconds,-1.1368683772161603e-13,0.9999999999999998
4,10,10,855.056496115001,2.4239128390540827,1472 milliseconds,855.056496115001,0.0,121 milliseconds,0.0,1.0
6,10,10,1091.8943476421607,3.635869258581124,4127 milliseconds,1084.427987597806,0.0,232 milliseconds,7.466360044354815,1.00688506763911
8,10,10,1285.9469505631505,4.8478256781081654,27503 milliseconds,1259.8004504065761,0.0,392 milliseconds,26.146500156574348,1.0207544775429602
10,10,10,1451.348735918018,6.059782097635207,52363 milliseconds,1389.324953964535,0.0,501 milliseconds,62.02378195348297,1.0446431065507704
12,10,10,1592.6366895346923,7.271738517162248,119162 milliseconds,1497.3171376509586,0.0,643 milliseconds,95.31955188373377,1.0636602290101844
2,11,10,591.4124444093209,1.2107429234949336,335 milliseconds,591.0928746294148,0.0,29 milliseconds,0.31956977990603264,1.0005406422469674
4,11,10,942.0392595978947,2.4214858469898672,2849 milliseconds,941.6760665832435,0.0,64 milliseconds,0.3631930146511877,1.0003856878469568
6,11,10,1180.2057898400203,3.632228770484801,4857 milliseconds,1175.918541158776,0.0,117 milliseconds,4.287248681244364,1.0036458721681687
8,11,10,1376.6142163055154,4.8429716939797345,23034 milliseconds,1350.579893332279,0.0,206 milliseconds,26.034322973236385,1.0192764034928745
10,11,10,1538.932930181704,6.053714617474668,51234 milliseconds,1487.1514459912853,0.0,301 milliseconds,51.78148419041872,1.034819240723599
12,11,10,1680.3481787307785,7.264457540969602,155169 milliseconds,1607.1689487184424,0.0,429 milliseconds,73.17923001233612,1.0455330039014812
2,12,10,598.7696294940788,1.1855049854668778,381 milliseconds,598.7696294940788,0.0,28 milliseconds,0.0,1.0
4,12,10,943.7024480173982,2.3710099709337555,2672 milliseconds,943.6013370125072,0.0,139 milliseconds,0.10111100489098135,1.0001071543679783
6,12,10,1183.4265014680336,3.5565149564006333,7174 milliseconds,1174.7938612127755,0.0,220 milliseconds,8.632640255258138,1.0073482170279187
8,12,10,1374.6242693423592,4.742019941867511,36447 milliseconds,1354.8890204579086,0.0,268 milliseconds,19.735248884450584,1.014565952330015
10,12,10,1545.3421831373223,5.927524927334389,38948 milliseconds,1508.5240981098896,0.0,375 milliseconds,36.818085027432744,1.0244066933193603
12,12,10,1699.196269486079,7.113029912801267,131750 milliseconds,1641.1953262766904,0.0,436 milliseconds,58.00094320938865,1.035340670473985
2,13,10,598.8645036135736,1.2372079283484254,401 milliseconds,598.8645036135736,0.0,34 milliseconds,0.0,1.0
4,13,10,1006.4174245499578,2.474415856696851,3098 milliseconds,1005.1366624640941,0.0,113 milliseconds,1.280762085863671,1.0012742168639277
6,13,10,1228.9738077750494,3.7116237850452762,6659 milliseconds,1223.8055302779617,0.0,213 milliseconds,5.168277497087729,1.0042231199068972
8,13,10,1412.9474828271216,4.948831713393702,29160 milliseconds,1396.7930338108238,0.0,303 milliseconds,16.154449016297804,1.0115653848675235
10,13,10,1572.7340032580496,6.186039641742127,59758 milliseconds,1537.2786910766554,0.0,435 milliseconds,35.45531218139422,1.02306368545092
12,13,10,1713.5392547351828,7.4232475700905525,112731 milliseconds,1657.8070272034026,0.0,476 milliseconds,55.732227531780154,1.0336180427620676
2,14,10,603.020362167732,1.2649553836960195,361 milliseconds,603.020362167732,0.0,34 milliseconds,0.0,1.0
4,14,10,981.0335723860549,2.529910767392039,1775 milliseconds,980.4397438655985,0.0,58 milliseconds,0.5938285204563272,1.0006056756921287
6,14,10,1229.13591351974,3.7948661510880584,3518 milliseconds,1225.9282341532041,0.0,160 milliseconds,3.2076793665357854,1.0026165311126483
8,14,10,1434.8846961163295,5.059821534784078,10636 milliseconds,1415.231818007226,0.0,225 milliseconds,19.65287810910354,1.0138866847530157
10,14,10,1610.2598244283718,6.324776918480097,60835 milliseconds,1576.4123812409987,0.0,324 milliseconds,33.847443187373074,1.0214711858331937
12,14,10,1771.7588518174211,7.589732302176117,161316 milliseconds,1706.0249762685864,0.0,458 milliseconds,65.7338755488347,1.0385304297787057
2,15,10,604.3832360308161,1.186681875194381,353 milliseconds,604.3832360308163,0.0,35 milliseconds,-2.2737367544323206e-13,0.9999999999999997
4,15,10,964.7374224216003,2.373363750388762,3174 milliseconds,964.7374224216004,0.0,59 milliseconds,-1.1368683772161603e-13,0.9999999999999999
6,15,10,1214.3626499304394,3.560045625583143,3133 milliseconds,1209.4238625854018,0.0,103 milliseconds,4.938787345037554,1.004083586819992
8,15,10,1410.6618056581901,4.746727500777524,35185 milliseconds,1396.589079429768,0.0,248 milliseconds,14.072726228422198,1.0100764974004868
10,15,10,1587.2450852036404,5.933409375971905,44970 milliseconds,1551.7264120588331,0.0,382 milliseconds,35.51867314480728,1.0228897780361172
12,15,10,1741.9851056881218,7.120091251166286,132944 milliseconds,1678.1244463535404,0.0,520 milliseconds,63.86065933458144,1.038054781618459
2,16,10,615.7616712703771,1.2140469980164426,491 milliseconds,615.6577371160727,0.0,37 milliseconds,0.10393415430439745,1.0001688180754313
4,16,10,979.9503711062591,2.428093996032885,2311 milliseconds,979.7563149369435,0.0,93 milliseconds,0.19405616931567238,1.00019806574998
6,16,10,1194.921381361039,3.6421409940493277,14060 milliseconds,1181.7005426218332,0.0,253 milliseconds,13.220838739205874,1.0111879772094146
8,16,10,1365.7253182485988,4.85618799206577,67142 milliseconds,1337.1429424481507,0.0,336 milliseconds,28.582375800448062,1.0213757070340717
10,16,10,1516.7315768600367,6.070234990082213,97777 milliseconds,1477.3153000362813,0.0,424 milliseconds,39.416276823755425,1.026681018481828
12,16,10,1657.10215155372,7.284281988098655,328737 milliseconds,1598.9409007682034,0.0,903 milliseconds,58.161250785516586,1.0363748596071145
2,17,10,550.7936360375728,1.2101381860014726,334 milliseconds,550.7936360375727,0.0,34 milliseconds,1.1368683772161603e-13,1.0000000000000002
4,17,10,859.9712731604558,2.420276372002945,1768 milliseconds,859.5970712912858,0.0,63 milliseconds,0.37420186916995135,1.0004353224105427
6,17,10,1091.756168099434,3.630414558004418,2862 milliseconds,1085.727699988896,0.0,206 milliseconds,6.028468110538142,1.0055524678154566
8,17,10,1284.7690151206514,4.84055274400589,29037 milliseconds,1263.3590734455959,0.0,298 milliseconds,21.409941675055506,1.0169468380962061
10,17,10,1455.2091142510653,6.050690930007363,40357 milliseconds,1417.1729140654852,0.0,413 milliseconds,38.03620018558013,1.0268394913620418
12,17,10,1609.9972274696418,7.260829116008836,96359 milliseconds,1550.1019896213,0.0,711 milliseconds,59.89523784834182,1.0386395464616973
2,18,10,601.3872250385375,1.1887215924382417,333 milliseconds,601.3872250385376,0.0,39 milliseconds,-1.1368683772161603e-13,0.9999999999999998
4,18,10,1000.2386340042437,2.3774431848764834,1809 milliseconds,1000.2347421769737,0.0,68 milliseconds,0.003891827270081194,1.0000038909139084
6,18,10,1261.1008833573187,3.566164777314725,20234 milliseconds,1257.9299455110263,0.0,152 milliseconds,3.170937846292418,1.0025207586937634
8,18,10,1470.3190851143356,4.754886369752967,36581 milliseconds,1451.8511070033164,0.0,278 milliseconds,18.467978111019193,1.012720297571793
10,18,10,1650.2411043343652,5.943607962191209,81271 milliseconds,1609.0583278099907,0.0,367 milliseconds,41.1827765243745,1.0255943341596736
12,18,10,1808.9880171754842,7.13232955462945,448625 milliseconds,1746.8507278007203,0.0,538 milliseconds,62.137289374763895,1.0355710355703915
2,19,10,603.8522162215612,1.2879232644785361,348 milliseconds,603.8522162215613,0.0,34 milliseconds,-1.1368683772161603e-13,0.9999999999999998
4,19,10,1030.171859859017,2.5758465289570722,2246 milliseconds,1029.9517930501484,0.0,68 milliseconds,0.22006680886875074,1.0002136670962212
6,19,10,1310.83917091978,3.8637697934356083,15566 milliseconds,1309.934499545158,0.0,147 milliseconds,0.9046713746220121,1.0006906233669974
8,19,10,1525.0851290209307,5.1516930579141444,9211 milliseconds,1510.5677699690089,0.0,177 milliseconds,14.517359051921858,1.0096105314442263
10,19,10,1709.071993867458,6.439616322392681,73052 milliseconds,1665.434707703044,0.0,334 milliseconds,43.637286164414036,1.0262017393792628
12,19,10,1863.9231560590888,7.727539586871217,114148 milliseconds,1796.158391819797,0.0,462 milliseconds,67.76476423929171,1.03772761052027
2,20,10,607.9483608169112,1.2879141637025668,335 milliseconds,607.5009147108669,0.0,33 milliseconds,0.4474461060442536,1.0007365356910733
4,20,10,959.8006933101344,2.5758283274051337,2128 milliseconds,959.3532472040902,0.0,114 milliseconds,0.4474461060442536,1.0004664039104973
6,20,10,1188.9690232206733,3.8637424911077005,16622 milliseconds,1181.3307335317897,0.0,203 milliseconds,7.63828968888356,1.0064658350723235
8,20,10,1371.5217627763366,5.151656654810267,32176 milliseconds,1350.2767765347285,0.0,291 milliseconds,21.244986241608103,1.0157338011071553
10,20,10,1529.58233584904,6.439570818512834,116075 milliseconds,1491.185055536741,0.0,377 milliseconds,38.39728031229902,1.0257495071921026
12,20,10,1670.5945150028174,7.727484982215401,177870 milliseconds,1613.5663278223421,0.0,488 milliseconds,57.02818718047524,1.0353429457451806
